type	genotype	num_snp_rnaseq	num_snp_reseq
Inbred	AS5707	106661	5864238
Inbred	B73	3773	8066
Inbred	B84	47369	3289962
Inbred	CR1Ht	101854	6029535
Inbred	DKFAPW	48454	0
Inbred	DKHBA1	84408	6026846
Inbred	H99	73541	0
Inbred	LH123Ht	81263	5559830
Inbred	LH145	60174	4845634
Inbred	LH156	100843	5792847
Inbred	LH85	102128	6347609
Inbred	LH93	101050	6491691
Inbred	Mo17	103864	6196516
Inbred	Mo44	53048	5086953
Inbred	Mo45	63097	6445669
Inbred	MoG	113093	5891048
Inbred	NC230	112859	6142953
Inbred	NKH8431	29329	4222210
Inbred	NKS8326	105276	0
Inbred	Ny821	102777	0
Inbred	Oh43	85770	6160363
Inbred	PH207	94357	5509026
Inbred	PHB47	53390	5480122
Inbred	PHG29	97949	5736593
Inbred	PHG35	92486	5971416
Inbred	PHG39	54081	5647701
Inbred	PHG47	73720	6446966
Inbred	PHG50	99908	6032731
Inbred	PHG72	86683	4041005
Inbred	PHG83	24206	825996
Inbred	PHJ40	90493	6268204
Inbred	PHN11	91744	5842741
Inbred	PHW65	90024	6261511
Inbred	Q381	98076	0
Inbred	W64A	86553	0
Hybrid	B73xMo17	103940	6199187
Hybrid	B73xPH207	94427	5511652
Hybrid	B84xB73	47449	3292641
Hybrid	B84xMo17	74013	5782060
Hybrid	B84xPH207	67365	5187817
Hybrid	CR1HtxB73	101938	6032228
Hybrid	CR1HtxMo17	50704	2452186
Hybrid	CR1HtxPH207	97408	4986929
Hybrid	DKFAPWxB73	48518	0
Hybrid	DKFAPWxMo17	74624	0
Hybrid	DKFAPWxPH207	69210	0
Hybrid	H99xB73	73634	0
Hybrid	H99xMo17	81864	0
Hybrid	H99xPH207	75941	0
Hybrid	LH123HtxB73	81339	5562312
Hybrid	LH123HtxMo17	76675	4364533
Hybrid	LH123HtxPH207	83124	5122260
Hybrid	LH145xB73	60230	4848203
Hybrid	LH145xMo17	84510	5627559
Hybrid	LH145xPH207	78033	5012412
Hybrid	LH156xB73	100937	5795413
Hybrid	LH156xMo17	99175	5403312
Hybrid	LH85xB73	102232	6350185
Hybrid	LH85xMo17	102403	5756542
Hybrid	LH85xPH207	92409	5288742
Hybrid	LH93xB73	101136	6494391
Hybrid	LH93xMo17	102293	5491935
Hybrid	LH93xPH207	98044	5476571
Hybrid	Mo17xB73	103940	6199187
Hybrid	Mo17xOh43	91803	5556439
Hybrid	Mo17xPH207	96627	5160137
Hybrid	Mo17xPHG29	95960	5198675
Hybrid	Mo44xB73	53123	5089467
Hybrid	Mo44xMo17	68111	5086580
Hybrid	Mo45xB73	63185	6448372
Hybrid	Mo45xMo17	74130	5584592
Hybrid	Mo45xPH207	67703	5538293
Hybrid	MoGxB73	113180	5893725
Hybrid	MoGxMo17	108823	5522110
Hybrid	NC230xB73	112964	6145472
Hybrid	NC230xMo17	111285	5499317
Hybrid	NC230xPH207	106832	5486263
Hybrid	NKH8431xB73	29434	4224897
Hybrid	NKH8431xMo17	77374	5658860
Hybrid	NKH8431xPH207	70834	5201270
Hybrid	NKS8326xB73	105372	0
Hybrid	NKS8326xMo17	25657	0
Hybrid	NKS8326xPH207	98410	0
Hybrid	Ny821xB73	102869	0
Hybrid	Ny821xMo17	91883	0
Hybrid	Ny821xPH207	98984	0
Hybrid	Oh43xB73	85854	6163070
Hybrid	Oh43xMo17	91803	5556439
Hybrid	Oh43xPH207	89512	5425292
Hybrid	PH207xB73	94427	5511652
Hybrid	PH207xMo17	96627	5160137
Hybrid	PHB47xB73	53466	5482836
Hybrid	PHB47xMo17	73484	5811198
Hybrid	PHB47xPH207	67483	5359761
Hybrid	PHG29xB73	98015	5739187
Hybrid	PHG29xMo17	95960	5198675
Hybrid	PHG29xPH207	10444	1263377
Hybrid	PHG35xB73	92575	5974122
Hybrid	PHG35xMo17	89845	5186456
Hybrid	PHG35xPH207	66318	3959827
Hybrid	PHG39xB73	54157	5650303
Hybrid	PHG39xMo17	73748	5560780
Hybrid	PHG39xPH207	68559	5458276
Hybrid	PHG47xB73	73822	6449726
Hybrid	PHG47xMo17	79177	5254647
Hybrid	PHG47xPH207	73360	5465995
Hybrid	PHG50xB73	99997	6035495
Hybrid	PHG50xMo17	99647	5391841
Hybrid	PHG50xPH207	34936	2260923
Hybrid	PHG72xB73	86744	4043701
Hybrid	PHG72xMo17	94512	4992882
Hybrid	PHG72xPH207	28247	2259831
Hybrid	PHG83xB73	24333	828935
Hybrid	PHG83xMo17	76894	5923975
Hybrid	PHG83xPH207	70107	5200195
Hybrid	PHJ40xB73	90570	6270908
Hybrid	PHJ40xMo17	77606	4807380
Hybrid	PHJ40xPH207	91629	5617355
Hybrid	PHN11xB73	91809	5845451
Hybrid	PHN11xMo17	93738	5208295
Hybrid	PHN11xPH207	15263	1443638
Hybrid	PHW65xB73	90122	6264114
Hybrid	PHW65xMo17	89170	5048355
Hybrid	PHW65xPH207	75111	4705324
Hybrid	Q381xB73	98140	0
Hybrid	Q381xMo17	97665	0
Hybrid	Q381xPH207	1621	0
Hybrid	W64AxB73	86658	0
Hybrid	W64AxMo17	78960	0
Hybrid	W64AxMo17xB73	78960	0
Hybrid	W64AxPH207	83970	0
